{
    "type": "FeatureCollection",
    "attribution": "Bangladesh Bureau of Statistics / OCHA ROAP via geoBoundaries (CC BY 3.0 IGO)",
    "features": [
        {
            "type": "Feature",
            "properties": {
                "name": "Amta",
                "id": "29066614B73177653888035"
            },
            "geometry": {
                "type": "Polygon",
                "coordinates": [
                    [
                        [
                            90.07785,
                            24.0123
                        ],
                        [
                            90.07754,
                            24.01537
                        ],
                        [
                            90.07535,
                            24.01753
                        ],
                        [
                            90.06975,
                            24.01769
                        ],
                        [
                            90.06853,
                            24.01282
                        ],
                        [
                            90.06609,
                            24.01002
                        ],
                        [
                            90.06268,
                            24.01195
                        ],
                        [
                            90.06144,
                            24.00881
                        ],
                        [
                            90.05718,
                            24.00728
                        ],
                        [
                            90.05166,
                            24.00786
                        ],
                        [
                            90.0456,
                            24.00575
                        ],
                        [
                            90.04413,
                            24.00354
                        ],
                        [
                            90.04338,
                            23.99806
                        ],
                        [
                            90.04506,
                            23.99599
                        ],
                        [
                            90.04795,
                            23.99628
                        ],
                        [
                            90.053,
                            23.99975
                        ],
                        [
                            90.05643,
                            23.99956
                        ],
                        [
                            90.05659,
                            23.99795
                        ],
                        [
                            90.0521,
                            23.99359
                        ],
                        [
                            90.05018,
                            23.989
                        ],
                        [
                            90.041,
                            23.9847
                        ],
                        [
                            90.03838,
                            23.98049
                        ],
                        [
                            90.04012,
                            23.97606
                        ],
                        [
                            90.04433,
                            23.97357
                        ],
                        [
                            90.03803,
                            23.97165
                        ],
                        [
                            90.04404,
                            23.96644
                        ],
                        [
                            90.05464,
                            23.96789
                        ],
                        [
                            90.06131,
                            23.96704
                        ],
                        [
                            90.06765,
                            23.96995
                        ],
                        [
                            90.06771,
                            23.9724
                        ],
                        [
                            90.06509,
                            23.97591
                        ],
                        [
                            90.06517,
                            23.98032
                        ],
                        [
                            90.05584,
                            23.99171
                        ],
                        [
                            90.06198,
                            23.99256
                        ],
                        [
                            90.06826,
                            24.00134
                        ],
                        [
                            90.07471,
                            24.00245
                        ],
                        [
                            90.07358,
                            24.00916
                        ],
                        [
                            90.07527,
                            24.01325
                        ],
                        [
                            90.07785,
                            24.0123
                        ]
                    ]
                ]
            }
        },
        {
            "type": "Feature",
            "properties": {
                "name": "Baisakanda",
                "id": "29066614B70062463667647"
            },
            "geometry": {
                "type": "Polygon",
                "coordinates": [
                    [
                        [
                            90.1833,
                            24.00168
                        ],
                        [
                            90.17113,
                            24.00088
                        ],
                        [
                            90.16635,
                            24.00938
                        ],
                        [
                            90.16763,
                            24.01087
                        ],
                        [
                            90.16209,
                            24.01479
                        ],
                        [
                            90.16161,
                            24.01958
                        ],
                        [
                            90.14817,
                            24.02566
                        ],
                        [
                            90.14784,
                            24.02137
                        ],
                        [
                            90.1453,
                            24.01995
                        ],
                        [
                            90.14442,
                            24.01717
                        ],
                        [
                            90.14146,
                            24.01747
                        ],
                        [
                            90.13892,
                            24.00968
                        ],
                        [
                            90.13471,
                            24.01013
                        ],
                        [
                            90.13342,
                            24.00421
                        ],
                        [
                            90.13019,
                            24.00229
                        ],
                        [
                            90.12884,
                            23.99828
                        ],
                        [
                            90.12294,
                            23.99846
                        ],
                        [
                            90.12302,
                            23.99376
                        ],
                        [
                            90.11899,
                            23.99314
                        ],
                        [
                            90.11577,
                            23.9885
                        ],
                        [
                            90.11493,
                            23.98428
                        ],
                        [
                            90.12094,
                            23.98393
                        ],
                        [
                            90.12293,
                            23.98649
                        ],
                        [
                            90.13025,
                            23.99045
                        ],
                        [
                            90.13018,
                            23.98429
                        ],
                        [
                            90.1333,
                            23.98324
                        ],
                        [
                            90.13514,
                            23.98462
                        ],
                        [
                            90.13661,
                            23.98005
                        ],
                        [
                            90.14603,
                            23.97583
                        ],
                        [
                            90.15208,
                            23.97618
                        ],
                        [
                            90.15216,
                            23.97951
                        ],
                        [
                            90.15447,
                            23.98043
                        ],
                        [
                            90.15503,
                            23.98695
                        ],
                        [
                            90.15808,
                            23.99186
                        ],
                        [
                            90.16491,
                            23.98995
                        ],
                        [
                            90.16966,
                            23.98669
                        ],
                        [
                            90.17333,
                            23.9876
                        ],
                        [
                            90.17461,
                            23.98492
                        ],
                        [
                            90.17595,
                            23.98951
                        ],
                        [
                            90.1819,
                            23.98852
                        ],
                        [
                            90.1863,
                            23.98989
                        ],
                        [
                            90.18601,
                            23.99925
                        ],
                        [
                            90.1833,
                            24.00168
                        ]
                    ]
                ]
            }
        },
        {
            "type": "Feature",
            "properties": {
                "name": "Balia",
                "id": "29066614B10380990101702"
            },
            "geometry": {
                "type": "Polygon",
                "coordinates": [
                    [
                        [
                            90.04404,
                            23.96644
                        ],
                        [
                            90.04755,
                            23.96202
                        ],
                        [
                            90.06005,
                            23.95771
                        ],
                        [
                            90.06594,
                            23.9604
                        ],
                        [
                            90.07396,
                            23.96025
                        ],
                        [
                            90.07532,
                            23.96358
                        ],
                        [
                            90.07193,
                            23.96847
                        ],
                        [
                            90.0734,
                            23.97129
                        ],
                        [
                            90.08068,
                            23.97438
                        ],
                        [
                            90.08142,
                            23.97164
                        ],
                        [
                            90.08711,
                            23.96988
                        ],
                        [
                            90.08792,
                            23.98063
                        ],
                        [
                            90.08653,
                            23.98227
                        ],
                        [
                            90.08816,
                            23.98574
                        ],
                        [
                            90.08905,
                            23.98299
                        ],
                        [
                            90.09044,
                            23.98441
                        ],
                        [
                            90.09196,
                            23.98246
                        ],
                        [
                            90.09816,
                            23.98449
                        ],
                        [
                            90.09949,
                            23.98664
                        ],
                        [
                            90.09791,
                            24.00241
                        ],
                        [
                            90.09335,
                            24.00501
                        ],
                        [
                            90.08946,
                            24.01227
                        ],
                        [
                            90.08073,
                            24.0108
                        ],
                        [
                            90.07785,
                            24.0123
                        ],
                        [
                            90.07527,
                            24.01325
                        ],
                        [
                            90.07358,
                            24.00916
                        ],
                        [
                            90.07471,
                            24.00245
                        ],
                        [
                            90.06826,
                            24.00134
                        ],
                        [
                            90.06198,
                            23.99256
                        ],
                        [
                            90.05584,
                            23.99171
                        ],
                        [
                            90.06517,
                            23.98032
                        ],
                        [
                            90.06509,
                            23.97591
                        ],
                        [
                            90.06771,
                            23.9724
                        ],
                        [
                            90.06765,
                            23.96995
                        ],
                        [
                            90.06131,
                            23.96704
                        ],
                        [
                            90.05464,
                            23.96789
                        ],
                        [
                            90.04404,
                            23.96644
                        ]
                    ]
                ]
            }
        },
        {
            "type": "Feature",
            "properties": {
                "name": "Bhararia",
                "id": "29066614B13653673321928"
            },
            "geometry": {
                "type": "Polygon",
                "coordinates": [
                    [
                        [
                            90.17461,
                            23.98492
                        ],
                        [
                            90.17228,
                            23.98088
                        ],
                        [
                            90.16843,
                            23.97976
                        ],
                        [
                            90.16573,
                            23.97704
                        ],
                        [
                            90.16954,
                            23.96881
                        ],
                        [
                            90.17523,
                            23.96751
                        ],
                        [
                            90.18138,
                            23.9539
                        ],
                        [
                            90.18988,
                            23.95061
                        ],
                        [
                            90.1895,
                            23.9429
                        ],
                        [
                            90.19448,
                            23.94234
                        ],
                        [
                            90.19968,
                            23.943
                        ],
                        [
                            90.20189,
                            23.94641
                        ],
                        [
                            90.2065,
                            23.94729
                        ],
                        [
                            90.20625,
                            23.95017
                        ],
                        [
                            90.20909,
                            23.94904
                        ],
                        [
                            90.21015,
                            23.95059
                        ],
                        [
                            90.21394,
                            23.94411
                        ],
                        [
                            90.21788,
                            23.94572
                        ],
                        [
                            90.2185,
                            23.94325
                        ],
                        [
                            90.2163,
                            23.94251
                        ],
                        [
                            90.21173,
                            23.93608
                        ],
                        [
                            90.21529,
                            23.93494
                        ],
                        [
                            90.22047,
                            23.93011
                        ],
                        [
                            90.22217,
                            23.93038
                        ],
                        [
                            90.222,
                            23.92917
                        ],
                        [
                            90.22508,
                            23.92855
                        ],
                        [
                            90.22821,
                            23.93141
                        ],
                        [
                            90.22798,
                            23.93457
                        ],
                        [
                            90.23174,
                            23.93609
                        ],
                        [
                            90.23055,
                            23.94369
                        ],
                        [
                            90.20871,
                            23.95848
                        ],
                        [
                            90.20318,
                            23.9659
                        ],
                        [
                            90.19819,
                            23.96844
                        ],
                        [
                            90.19935,
                            23.97472
                        ],
                        [
                            90.19022,
                            23.97769
                        ],
                        [
                            90.19068,
                            23.98491
                        ],
                        [
                            90.1863,
                            23.98989
                        ],
                        [
                            90.1819,
                            23.98852
                        ],
                        [
                            90.17595,
                            23.98951
                        ],
                        [
                            90.17461,
                            23.98492
                        ]
                    ]
                ]
            }
        },
        {
            "type": "Feature",
            "properties": {
                "name": "Chauhat",
                "id": "29066614B20257109362318"
            },
            "geometry": {
                "type": "Polygon",
                "coordinates": [
                    [
                        [
                            90.07785,
                            24.0123
                        ],
                        [
                            90.08073,
                            24.0108
                        ],
                        [
                            90.08946,
                            24.01227
                        ],
                        [
                            90.08966,
                            24.01712
                        ],
                        [
                            90.09498,
                            24.01546
                        ],
                        [
                            90.09607,
                            24.01889
                        ],
                        [
                            90.09903,
                            24.01776
                        ],
                        [
                            90.10215,
                            24.01904
                        ],
                        [
                            90.09618,
                            24.02699
                        ],
                        [
                            90.09406,
                            24.02735
                        ],
                        [
                            90.09018,
                            24.03469
                        ],
                        [
                            90.08445,
                            24.03537
                        ],
                        [
                            90.08165,
                            24.04067
                        ],
                        [
                            90.07384,
                            24.04065
                        ],
                        [
                            90.07449,
                            24.03382
                        ],
                        [
                            90.07025,
                            24.03243
                        ],
                        [
                            90.06595,
                            24.03744
                        ],
                        [
                            90.06473,
                            24.0354
                        ],
                        [
                            90.06542,
                            24.03167
                        ],
                        [
                            90.0636,
                            24.02926
                        ],
                        [
                            90.06009,
                            24.03041
                        ],
                        [
                            90.04074,
                            24.02839
                        ],
                        [
                            90.0247,
                            24.02104
                        ],
                        [
                            90.02203,
                            24.02391
                        ],
                        [
                            90.02061,
                            24.02358
                        ],
                        [
                            90.01964,
                            24.02874
                        ],
                        [
                            90.02197,
                            24.02788
                        ],
                        [
                            90.02609,
                            24.02962
                        ],
                        [
                            90.02718,
                            24.03394
                        ],
                        [
                            90.01743,
                            24.03612
                        ],
                        [
                            90.01683,
                            24.04435
                        ],
                        [
                            90.01202,
                            24.04252
                        ],
                        [
                            90.01061,
                            24.03232
                        ],
                        [
                            90.01235,
                            24.03064
                        ],
                        [
                            90.01727,
                            24.03131
                        ],
                        [
                            90.01944,
                            24.02573
                        ],
                        [
                            90.01743,
                            24.02521
                        ],
                        [
                            90.01825,
                            24.02174
                        ],
                        [
                            90.01389,
                            24.01756
                        ],
                        [
                            90.00491,
                            24.01746
                        ],
                        [
                            90.00463,
                            24.01619
                        ],
                        [
                            90.00717,
                            24.0149
                        ],
                        [
                            90.00759,
                            24.01136
                        ],
                        [
                            90.01348,
                            24.00761
                        ],
                        [
                            90.01343,
                            24.01242
                        ],
                        [
                            90.01971,
                            24.00969
                        ],
                        [
                            90.01982,
                            24.01426
                        ],
                        [
                            90.02213,
                            24.01482
                        ],
                        [
                            90.02398,
                            24.01176
                        ],
                        [
                            90.02305,
                            24.00754
                        ],
                        [
                            90.02624,
                            24.0045
                        ],
                        [
                            90.03048,
                            24.0037
                        ],
                        [
                            90.03013,
                            24.00587
                        ],
                        [
                            90.03224,
                            24.00607
                        ],
                        [
                            90.04413,
                            24.00354
                        ],
                        [
                            90.0456,
                            24.00575
                        ],
                        [
                            90.05166,
                            24.00786
                        ],
                        [
                            90.05718,
                            24.00728
                        ],
                        [
                            90.06144,
                            24.00881
                        ],
                        [
                            90.06268,
                            24.01195
                        ],
                        [
                            90.06609,
                            24.01002
                        ],
                        [
                            90.06853,
                            24.01282
                        ],
                        [
                            90.06975,
                            24.01769
                        ],
                        [
                            90.07535,
                            24.01753
                        ],
                        [
                            90.07754,
                            24.01537
                        ],
                        [
                            90.07785,
                            24.0123
                        ]
                    ]
                ]
            }
        },
        {
            "type": "Feature",
            "properties": {
                "name": "Dhamrai",
                "id": "29066614B76118142618386"
            },
            "geometry": {
                "type": "Polygon",
                "coordinates": [
                    [
                        [
                            90.19448,
                            23.94234
                        ],
                        [
                            90.1932,
                            23.93649
                        ],
                        [
                            90.19724,
                            23.92986
                        ],
                        [
                            90.20132,
                            23.92858
                        ],
                        [
                            90.20504,
                            23.92249
                        ],
                        [
                            90.21135,
                            23.92515
                        ],
                        [
                            90.21773,
                            23.92218
                        ],
                        [
                            90.22516,
                            23.92137
                        ],
                        [
                            90.22508,
                            23.92855
                        ],
                        [
                            90.222,
                            23.92917
                        ],
                        [
                            90.22217,
                            23.93038
                        ],
                        [
                            90.22047,
                            23.93011
                        ],
                        [
                            90.21529,
                            23.93494
                        ],
                        [
                            90.21173,
                            23.93608
                        ],
                        [
                            90.2163,
                            23.94251
                        ],
                        [
                            90.2185,
                            23.94325
                        ],
                        [
                            90.21788,
                            23.94572
                        ],
                        [
                            90.21394,
                            23.94411
                        ],
                        [
                            90.21015,
                            23.95059
                        ],
                        [
                            90.20909,
                            23.94904
                        ],
                        [
                            90.20625,
                            23.95017
                        ],
                        [
                            90.2065,
                            23.94729
                        ],
                        [
                            90.20189,
                            23.94641
                        ],
                        [
                            90.19968,
                            23.943
                        ],
                        [
                            90.19448,
                            23.94234
                        ]
                    ]
                ]
            }
        },
        {
            "type": "Feature",
            "properties": {
                "name": "Dhamrai Paurashava",
                "id": "29066614B94413895453842"
            },
            "geometry": {
                "type": "Polygon",
                "coordinates": [
                    [
                        [
                            90.19724,
                            23.92986
                        ],
                        [
                            90.1961,
                            23.92786
                        ],
                        [
                            90.19767,
                            23.92586
                        ],
                        [
                            90.20012,
                            23.92601
                        ],
                        [
                            90.20247,
                            23.92395
                        ],
                        [
                            90.19855,
                            23.92215
                        ],
                        [
                            90.20311,
                            23.915
                        ],
                        [
                            90.19913,
                            23.91405
                        ],
                        [
                            90.20417,
                            23.90628
                        ],
                        [
                            90.21132,
                            23.9082
                        ],
                        [
                            90.20952,
                            23.90557
                        ],
                        [
                            90.2158,
                            23.90615
                        ],
                        [
                            90.22133,
                            23.90094
                        ],
                        [
                            90.2201,
                            23.89756
                        ],
                        [
                            90.22207,
                            23.89645
                        ],
                        [
                            90.22438,
                            23.89693
                        ],
                        [
                            90.22356,
                            23.89877
                        ],
                        [
                            90.22511,
                            23.90002
                        ],
                        [
                            90.22495,
                            23.90284
                        ],
                        [
                            90.22687,
                            23.90196
                        ],
                        [
                            90.22848,
                            23.90891
                        ],
                        [
                            90.22686,
                            23.91575
                        ],
                        [
                            90.22482,
                            23.91817
                        ],
                        [
                            90.22516,
                            23.92137
                        ],
                        [
                            90.21773,
                            23.92218
                        ],
                        [
                            90.21135,
                            23.92515
                        ],
                        [
                            90.20504,
                            23.92249
                        ],
                        [
                            90.20132,
                            23.92858
                        ],
                        [
                            90.19724,
                            23.92986
                        ]
                    ]
                ]
            }
        },
        {
            "type": "Feature",
            "properties": {
                "name": "Gangutia",
                "id": "29066614B3342040797903"
            },
            "geometry": {
                "type": "Polygon",
                "coordinates": [
                    [
                        [
                            90.08586,
                            23.91131
                        ],
                        [
                            90.08577,
                            23.91549
                        ],
                        [
                            90.08769,
                            23.91579
                        ],
                        [
                            90.08781,
                            23.9208
                        ],
                        [
                            90.09068,
                            23.92424
                        ],
                        [
                            90.08948,
                            23.92541
                        ],
                        [
                            90.09106,
                            23.9269
                        ],
                        [
                            90.09058,
                            23.92895
                        ],
                        [
                            90.09718,
                            23.93042
                        ],
                        [
                            90.09896,
                            23.93268
                        ],
                        [
                            90.09393,
                            23.93551
                        ],
                        [
                            90.09408,
                            23.94169
                        ],
                        [
                            90.09193,
                            23.94158
                        ],
                        [
                            90.09398,
                            23.94929
                        ],
                        [
                            90.09295,
                            23.95917
                        ],
                        [
                            90.08768,
                            23.96222
                        ],
                        [
                            90.08854,
                            23.95904
                        ],
                        [
                            90.08148,
                            23.9601
                        ],
                        [
                            90.07532,
                            23.96358
                        ],
                        [
                            90.07396,
                            23.96025
                        ],
                        [
                            90.07372,
                            23.95766
                        ],
                        [
                            90.0636,
                            23.9514
                        ],
                        [
                            90.06765,
                            23.94164
                        ],
                        [
                            90.06703,
                            23.93739
                        ],
                        [
                            90.06597,
                            23.93339
                        ],
                        [
                            90.06705,
                            23.92817
                        ],
                        [
                            90.07472,
                            23.92582
                        ],
                        [
                            90.07401,
                            23.92326
                        ],
                        [
                            90.06664,
                            23.91686
                        ],
                        [
                            90.06833,
                            23.90826
                        ],
                        [
                            90.07241,
                            23.90518
                        ],
                        [
                            90.07596,
                            23.90638
                        ],
                        [
                            90.08038,
                            23.91088
                        ],
                        [
                            90.08285,
                            23.9109
                        ],
                        [
                            90.08586,
                            23.91131
                        ]
                    ]
                ]
            }
        },
        {
            "type": "Feature",
            "properties": {
                "name": "Jadabpur",
                "id": "29066614B82335637514640"
            },
            "geometry": {
                "type": "Polygon",
                "coordinates": [
                    [
                        [
                            90.10983,
                            24.02641
                        ],
                        [
                            90.10916,
                            24.01789
                        ],
                        [
                            90.10215,
                            24.01904
                        ],
                        [
                            90.09903,
                            24.01776
                        ],
                        [
                            90.09607,
                            24.01889
                        ],
                        [
                            90.09498,
                            24.01546
                        ],
                        [
                            90.08966,
                            24.01712
                        ],
                        [
                            90.08946,
                            24.01227
                        ],
                        [
                            90.09335,
                            24.00501
                        ],
                        [
                            90.09791,
                            24.00241
                        ],
                        [
                            90.09949,
                            23.98664
                        ],
                        [
                            90.09816,
                            23.98449
                        ],
                        [
                            90.09762,
                            23.977
                        ],
                        [
                            90.10823,
                            23.97546
                        ],
                        [
                            90.11293,
                            23.97634
                        ],
                        [
                            90.11269,
                            23.98121
                        ],
                        [
                            90.11493,
                            23.98428
                        ],
                        [
                            90.11577,
                            23.9885
                        ],
                        [
                            90.11899,
                            23.99314
                        ],
                        [
                            90.12302,
                            23.99376
                        ],
                        [
                            90.12294,
                            23.99846
                        ],
                        [
                            90.12884,
                            23.99828
                        ],
                        [
                            90.13019,
                            24.00229
                        ],
                        [
                            90.13342,
                            24.00421
                        ],
                        [
                            90.13471,
                            24.01013
                        ],
                        [
                            90.13892,
                            24.00968
                        ],
                        [
                            90.14146,
                            24.01747
                        ],
                        [
                            90.14442,
                            24.01717
                        ],
                        [
                            90.1453,
                            24.01995
                        ],
                        [
                            90.14784,
                            24.02137
                        ],
                        [
                            90.14817,
                            24.02566
                        ],
                        [
                            90.14693,
                            24.02579
                        ],
                        [
                            90.14755,
                            24.03354
                        ],
                        [
                            90.12889,
                            24.03324
                        ],
                        [
                            90.12457,
                            24.03103
                        ],
                        [
                            90.1237,
                            24.02868
                        ],
                        [
                            90.12064,
                            24.02855
                        ],
                        [
                            90.12016,
                            24.02536
                        ],
                        [
                            90.10983,
                            24.02641
                        ]
                    ]
                ]
            }
        },
        {
            "type": "Feature",
            "properties": {
                "name": "Kulla",
                "id": "29066614B55341938031073"
            },
            "geometry": {
                "type": "Polygon",
                "coordinates": [
                    [
                        [
                            90.24576,
                            23.8384
                        ],
                        [
                            90.24381,
                            23.84386
                        ],
                        [
                            90.23866,
                            23.84531
                        ],
                        [
                            90.23809,
                            23.8468
                        ],
                        [
                            90.23613,
                            23.86005
                        ],
                        [
                            90.23689,
                            23.86539
                        ],
                        [
                            90.23202,
                            23.8711
                        ],
                        [
                            90.2343,
                            23.88171
                        ],
                        [
                            90.22908,
                            23.88445
                        ],
                        [
                            90.23015,
                            23.89564
                        ],
                        [
                            90.22687,
                            23.90196
                        ],
                        [
                            90.22495,
                            23.90284
                        ],
                        [
                            90.22511,
                            23.90002
                        ],
                        [
                            90.22356,
                            23.89877
                        ],
                        [
                            90.22438,
                            23.89693
                        ],
                        [
                            90.22207,
                            23.89645
                        ],
                        [
                            90.2201,
                            23.89756
                        ],
                        [
                            90.22133,
                            23.90094
                        ],
                        [
                            90.2158,
                            23.90615
                        ],
                        [
                            90.20952,
                            23.90557
                        ],
                        [
                            90.21132,
                            23.9082
                        ],
                        [
                            90.20417,
                            23.90628
                        ],
                        [
                            90.19913,
                            23.91405
                        ],
                        [
                            90.20311,
                            23.915
                        ],
                        [
                            90.19855,
                            23.92215
                        ],
                        [
                            90.20247,
                            23.92395
                        ],
                        [
                            90.20012,
                            23.92601
                        ],
                        [
                            90.19767,
                            23.92586
                        ],
                        [
                            90.18808,
                            23.92502
                        ],
                        [
                            90.18935,
                            23.91656
                        ],
                        [
                            90.18611,
                            23.91274
                        ],
                        [
                            90.18257,
                            23.90031
                        ],
                        [
                            90.18533,
                            23.89985
                        ],
                        [
                            90.18479,
                            23.89545
                        ],
                        [
                            90.18185,
                            23.89373
                        ],
                        [
                            90.18468,
                            23.88583
                        ],
                        [
                            90.18657,
                            23.89074
                        ],
                        [
                            90.19008,
                            23.88802
                        ],
                        [
                            90.18857,
                            23.87941
                        ],
                        [
                            90.18412,
                            23.87852
                        ],
                        [
                            90.18786,
                            23.86798
                        ],
                        [
                            90.18779,
                            23.86686
                        ],
                        [
                            90.18487,
                            23.86617
                        ],
                        [
                            90.1849,
                            23.86024
                        ],
                        [
                            90.19602,
                            23.86072
                        ],
                        [
                            90.20336,
                            23.85221
                        ],
                        [
                            90.21048,
                            23.85238
                        ],
                        [
                            90.21139,
                            23.84862
                        ],
                        [
                            90.21905,
                            23.84269
                        ],
                        [
                            90.22116,
                            23.83931
                        ],
                        [
                            90.22741,
                            23.8353
                        ],
                        [
                            90.2396,
                            23.83212
                        ],
                        [
                            90.24576,
                            23.8384
                        ]
                    ]
                ]
            }
        },
        {
            "type": "Feature",
            "properties": {
                "name": "Kushura",
                "id": "29066614B96184740604535"
            },
            "geometry": {
                "type": "Polygon",
                "coordinates": [
                    [
                        [
                            90.11493,
                            23.98428
                        ],
                        [
                            90.11269,
                            23.98121
                        ],
                        [
                            90.11293,
                            23.97634
                        ],
                        [
                            90.10823,
                            23.97546
                        ],
                        [
                            90.09762,
                            23.977
                        ],
                        [
                            90.09816,
                            23.98449
                        ],
                        [
                            90.09196,
                            23.98246
                        ],
                        [
                            90.09044,
                            23.98441
                        ],
                        [
                            90.08905,
                            23.98299
                        ],
                        [
                            90.08816,
                            23.98574
                        ],
                        [
                            90.08653,
                            23.98227
                        ],
                        [
                            90.08792,
                            23.98063
                        ],
                        [
                            90.08711,
                            23.96988
                        ],
                        [
                            90.08142,
                            23.97164
                        ],
                        [
                            90.08068,
                            23.97438
                        ],
                        [
                            90.0734,
                            23.97129
                        ],
                        [
                            90.07193,
                            23.96847
                        ],
                        [
                            90.07532,
                            23.96358
                        ],
                        [
                            90.08148,
                            23.9601
                        ],
                        [
                            90.08854,
                            23.95904
                        ],
                        [
                            90.08768,
                            23.96222
                        ],
                        [
                            90.09295,
                            23.95917
                        ],
                        [
                            90.09398,
                            23.94929
                        ],
                        [
                            90.0994,
                            23.9478
                        ],
                        [
                            90.10684,
                            23.95432
                        ],
                        [
                            90.11155,
                            23.95585
                        ],
                        [
                            90.11472,
                            23.95493
                        ],
                        [
                            90.1154,
                            23.95283
                        ],
                        [
                            90.12611,
                            23.95541
                        ],
                        [
                            90.12752,
                            23.96092
                        ],
                        [
                            90.13083,
                            23.95991
                        ],
                        [
                            90.13023,
                            23.96355
                        ],
                        [
                            90.13539,
                            23.96527
                        ],
                        [
                            90.13834,
                            23.96501
                        ],
                        [
                            90.13908,
                            23.95926
                        ],
                        [
                            90.14289,
                            23.95784
                        ],
                        [
                            90.14509,
                            23.95905
                        ],
                        [
                            90.14988,
                            23.95872
                        ],
                        [
                            90.15101,
                            23.96318
                        ],
                        [
                            90.15843,
                            23.96545
                        ],
                        [
                            90.15934,
                            23.96709
                        ],
                        [
                            90.16681,
                            23.97001
                        ],
                        [
                            90.16496,
                            23.96117
                        ],
                        [
                            90.16776,
                            23.95666
                        ],
                        [
                            90.16838,
                            23.95158
                        ],
                        [
                            90.17019,
                            23.95099
                        ],
                        [
                            90.17173,
                            23.9536
                        ],
                        [
                            90.17028,
                            23.95552
                        ],
                        [
                            90.17251,
                            23.95911
                        ],
                        [
                            90.16931,
                            23.96482
                        ],
                        [
                            90.16954,
                            23.96881
                        ],
                        [
                            90.16573,
                            23.97704
                        ],
                        [
                            90.16843,
                            23.97976
                        ],
                        [
                            90.17228,
                            23.98088
                        ],
                        [
                            90.17461,
                            23.98492
                        ],
                        [
                            90.17333,
                            23.9876
                        ],
                        [
                            90.16966,
                            23.98669
                        ],
                        [
                            90.16491,
                            23.98995
                        ],
                        [
                            90.15808,
                            23.99186
                        ],
                        [
                            90.15503,
                            23.98695
                        ],
                        [
                            90.15447,
                            23.98043
                        ],
                        [
                            90.15216,
                            23.97951
                        ],
                        [
                            90.15208,
                            23.97618
                        ],
                        [
                            90.14603,
                            23.97583
                        ],
                        [
                            90.13661,
                            23.98005
                        ],
                        [
                            90.13514,
                            23.98462
                        ],
                        [
                            90.1333,
                            23.98324
                        ],
                        [
                            90.13018,
                            23.98429
                        ],
                        [
                            90.13025,
                            23.99045
                        ],
                        [
                            90.12293,
                            23.98649
                        ],
                        [
                            90.12094,
                            23.98393
                        ],
                        [
                            90.11493,
                            23.98428
                        ]
                    ]
                ]
            }
        },
        {
            "type": "Feature",
            "properties": {
                "name": "Nannar",
                "id": "29066614B36525499519849"
            },
            "geometry": {
                "type": "Polygon",
                "coordinates": [
                    [
                        [
                            90.18185,
                            23.89373
                        ],
                        [
                            90.17628,
                            23.89654
                        ],
                        [
                            90.16483,
                            23.89664
                        ],
                        [
                            90.16461,
                            23.90626
                        ],
                        [
                            90.16297,
                            23.90679
                        ],
                        [
                            90.15944,
                            23.90444
                        ],
                        [
                            90.15868,
                            23.90725
                        ],
                        [
                            90.15337,
                            23.90707
                        ],
                        [
                            90.15256,
                            23.90408
                        ],
                        [
                            90.14973,
                            23.90369
                        ],
                        [
                            90.14886,
                            23.91222
                        ],
                        [
                            90.14635,
                            23.91203
                        ],
                        [
                            90.13875,
                            23.90776
                        ],
                        [
                            90.13909,
                            23.90387
                        ],
                        [
                            90.13272,
                            23.90038
                        ],
                        [
                            90.13157,
                            23.89714
                        ],
                        [
                            90.12364,
                            23.89593
                        ],
                        [
                            90.12481,
                            23.89134
                        ],
                        [
                            90.13697,
                            23.88988
                        ],
                        [
                            90.13848,
                            23.88767
                        ],
                        [
                            90.13533,
                            23.8868
                        ],
                        [
                            90.13533,
                            23.88475
                        ],
                        [
                            90.13835,
                            23.88557
                        ],
                        [
                            90.1438,
                            23.88335
                        ],
                        [
                            90.14679,
                            23.87872
                        ],
                        [
                            90.1535,
                            23.87984
                        ],
                        [
                            90.15897,
                            23.8769
                        ],
                        [
                            90.16397,
                            23.87803
                        ],
                        [
                            90.16487,
                            23.8764
                        ],
                        [
                            90.16656,
                            23.8765
                        ],
                        [
                            90.16713,
                            23.87176
                        ],
                        [
                            90.1704,
                            23.87137
                        ],
                        [
                            90.17365,
                            23.8661
                        ],
                        [
                            90.18487,
                            23.86617
                        ],
                        [
                            90.18779,
                            23.86686
                        ],
                        [
                            90.18786,
                            23.86798
                        ],
                        [
                            90.18412,
                            23.87852
                        ],
                        [
                            90.18857,
                            23.87941
                        ],
                        [
                            90.19008,
                            23.88802
                        ],
                        [
                            90.18657,
                            23.89074
                        ],
                        [
                            90.18468,
                            23.88583
                        ],
                        [
                            90.18185,
                            23.89373
                        ]
                    ]
                ]
            }
        },
        {
            "type": "Feature",
            "properties": {
                "name": "Rowail",
                "id": "29066614B29011634996712"
            },
            "geometry": {
                "type": "Polygon",
                "coordinates": [
                    [
                        [
                            90.22116,
                            23.83931
                        ],
                        [
                            90.21905,
                            23.84269
                        ],
                        [
                            90.21139,
                            23.84862
                        ],
                        [
                            90.21048,
                            23.85238
                        ],
                        [
                            90.20336,
                            23.85221
                        ],
                        [
                            90.19602,
                            23.86072
                        ],
                        [
                            90.1849,
                            23.86024
                        ],
                        [
                            90.18487,
                            23.86617
                        ],
                        [
                            90.17365,
                            23.8661
                        ],
                        [
                            90.172,
                            23.86366
                        ],
                        [
                            90.16661,
                            23.86387
                        ],
                        [
                            90.16233,
                            23.86089
                        ],
                        [
                            90.15504,
                            23.86085
                        ],
                        [
                            90.15904,
                            23.85742
                        ],
                        [
                            90.15846,
                            23.85623
                        ],
                        [
                            90.14535,
                            23.85794
                        ],
                        [
                            90.14013,
                            23.86208
                        ],
                        [
                            90.13469,
                            23.85888
                        ],
                        [
                            90.14775,
                            23.84197
                        ],
                        [
                            90.15093,
                            23.83423
                        ],
                        [
                            90.15068,
                            23.82813
                        ],
                        [
                            90.15431,
                            23.82879
                        ],
                        [
                            90.15568,
                            23.83298
                        ],
                        [
                            90.15969,
                            23.83316
                        ],
                        [
                            90.16629,
                            23.82866
                        ],
                        [
                            90.17188,
                            23.8278
                        ],
                        [
                            90.17216,
                            23.81785
                        ],
                        [
                            90.17371,
                            23.81798
                        ],
                        [
                            90.17532,
                            23.82212
                        ],
                        [
                            90.181,
                            23.82131
                        ],
                        [
                            90.18541,
                            23.8183
                        ],
                        [
                            90.19513,
                            23.82223
                        ],
                        [
                            90.19773,
                            23.82503
                        ],
                        [
                            90.19719,
                            23.8303
                        ],
                        [
                            90.20394,
                            23.83079
                        ],
                        [
                            90.20339,
                            23.8379
                        ],
                        [
                            90.20638,
                            23.83571
                        ],
                        [
                            90.21409,
                            23.83988
                        ],
                        [
                            90.22116,
                            23.83931
                        ]
                    ]
                ]
            }
        },
        {
            "type": "Feature",
            "properties": {
                "name": "Sanora",
                "id": "29066614B25352158604454"
            },
            "geometry": {
                "type": "Polygon",
                "coordinates": [
                    [
                        [
                            90.09896,
                            23.93268
                        ],
                        [
                            90.10521,
                            23.93479
                        ],
                        [
                            90.10819,
                            23.93184
                        ],
                        [
                            90.10996,
                            23.92535
                        ],
                        [
                            90.11769,
                            23.92672
                        ],
                        [
                            90.12354,
                            23.93082
                        ],
                        [
                            90.12413,
                            23.93608
                        ],
                        [
                            90.12832,
                            23.93733
                        ],
                        [
                            90.12942,
                            23.93929
                        ],
                        [
                            90.13294,
                            23.93951
                        ],
                        [
                            90.13664,
                            23.94248
                        ],
                        [
                            90.1396,
                            23.93166
                        ],
                        [
                            90.14778,
                            23.93116
                        ],
                        [
                            90.1487,
                            23.92827
                        ],
                        [
                            90.15049,
                            23.92818
                        ],
                        [
                            90.1559,
                            23.93035
                        ],
                        [
                            90.15713,
                            23.94081
                        ],
                        [
                            90.15443,
                            23.94552
                        ],
                        [
                            90.15837,
                            23.94632
                        ],
                        [
                            90.15871,
                            23.94881
                        ],
                        [
                            90.15656,
                            23.95223
                        ],
                        [
                            90.15802,
                            23.95424
                        ],
                        [
                            90.15691,
                            23.95741
                        ],
                        [
                            90.15793,
                            23.961
                        ],
                        [
                            90.15986,
                            23.96179
                        ],
                        [
                            90.15843,
                            23.96545
                        ],
                        [
                            90.15101,
                            23.96318
                        ],
                        [
                            90.14988,
                            23.95872
                        ],
                        [
                            90.14509,
                            23.95905
                        ],
                        [
                            90.14289,
                            23.95784
                        ],
                        [
                            90.13908,
                            23.95926
                        ],
                        [
                            90.13834,
                            23.96501
                        ],
                        [
                            90.13539,
                            23.96527
                        ],
                        [
                            90.13023,
                            23.96355
                        ],
                        [
                            90.13083,
                            23.95991
                        ],
                        [
                            90.12752,
                            23.96092
                        ],
                        [
                            90.12611,
                            23.95541
                        ],
                        [
                            90.1154,
                            23.95283
                        ],
                        [
                            90.11472,
                            23.95493
                        ],
                        [
                            90.11155,
                            23.95585
                        ],
                        [
                            90.10684,
                            23.95432
                        ],
                        [
                            90.0994,
                            23.9478
                        ],
                        [
                            90.09398,
                            23.94929
                        ],
                        [
                            90.09193,
                            23.94158
                        ],
                        [
                            90.09408,
                            23.94169
                        ],
                        [
                            90.09393,
                            23.93551
                        ],
                        [
                            90.09896,
                            23.93268
                        ]
                    ]
                ]
            }
        },
        {
            "type": "Feature",
            "properties": {
                "name": "Sombhag",
                "id": "29066614B44183431746807"
            },
            "geometry": {
                "type": "Polygon",
                "coordinates": [
                    [
                        [
                            90.16954,
                            23.96881
                        ],
                        [
                            90.16931,
                            23.96482
                        ],
                        [
                            90.17251,
                            23.95911
                        ],
                        [
                            90.17028,
                            23.95552
                        ],
                        [
                            90.17173,
                            23.9536
                        ],
                        [
                            90.17019,
                            23.95099
                        ],
                        [
                            90.16838,
                            23.95158
                        ],
                        [
                            90.16776,
                            23.95666
                        ],
                        [
                            90.16496,
                            23.96117
                        ],
                        [
                            90.16681,
                            23.97001
                        ],
                        [
                            90.15934,
                            23.96709
                        ],
                        [
                            90.15843,
                            23.96545
                        ],
                        [
                            90.15986,
                            23.96179
                        ],
                        [
                            90.15793,
                            23.961
                        ],
                        [
                            90.15691,
                            23.95741
                        ],
                        [
                            90.15802,
                            23.95424
                        ],
                        [
                            90.15656,
                            23.95223
                        ],
                        [
                            90.15871,
                            23.94881
                        ],
                        [
                            90.15837,
                            23.94632
                        ],
                        [
                            90.15443,
                            23.94552
                        ],
                        [
                            90.15713,
                            23.94081
                        ],
                        [
                            90.16006,
                            23.94055
                        ],
                        [
                            90.1664,
                            23.92991
                        ],
                        [
                            90.16501,
                            23.9294
                        ],
                        [
                            90.16362,
                            23.93273
                        ],
                        [
                            90.16084,
                            23.93192
                        ],
                        [
                            90.15385,
                            23.92086
                        ],
                        [
                            90.15421,
                            23.91754
                        ],
                        [
                            90.15969,
                            23.91509
                        ],
                        [
                            90.16137,
                            23.91554
                        ],
                        [
                            90.16273,
                            23.92039
                        ],
                        [
                            90.1654,
                            23.91913
                        ],
                        [
                            90.15832,
                            23.91099
                        ],
                        [
                            90.15961,
                            23.90992
                        ],
                        [
                            90.15868,
                            23.90725
                        ],
                        [
                            90.15944,
                            23.90444
                        ],
                        [
                            90.16297,
                            23.90679
                        ],
                        [
                            90.16461,
                            23.90626
                        ],
                        [
                            90.16483,
                            23.89664
                        ],
                        [
                            90.17628,
                            23.89654
                        ],
                        [
                            90.18185,
                            23.89373
                        ],
                        [
                            90.18479,
                            23.89545
                        ],
                        [
                            90.18533,
                            23.89985
                        ],
                        [
                            90.18257,
                            23.90031
                        ],
                        [
                            90.18611,
                            23.91274
                        ],
                        [
                            90.18935,
                            23.91656
                        ],
                        [
                            90.18808,
                            23.92502
                        ],
                        [
                            90.19767,
                            23.92586
                        ],
                        [
                            90.1961,
                            23.92786
                        ],
                        [
                            90.19724,
                            23.92986
                        ],
                        [
                            90.1932,
                            23.93649
                        ],
                        [
                            90.19448,
                            23.94234
                        ],
                        [
                            90.1895,
                            23.9429
                        ],
                        [
                            90.18988,
                            23.95061
                        ],
                        [
                            90.18138,
                            23.9539
                        ],
                        [
                            90.17523,
                            23.96751
                        ],
                        [
                            90.16954,
                            23.96881
                        ]
                    ]
                ]
            }
        },
        {
            "type": "Feature",
            "properties": {
                "name": "Suapur",
                "id": "29066614B80264751291975"
            },
            "geometry": {
                "type": "Polygon",
                "coordinates": [
                    [
                        [
                            90.12675,
                            23.8665
                        ],
                        [
                            90.13044,
                            23.86455
                        ],
                        [
                            90.13469,
                            23.85888
                        ],
                        [
                            90.14013,
                            23.86208
                        ],
                        [
                            90.14535,
                            23.85794
                        ],
                        [
                            90.15846,
                            23.85623
                        ],
                        [
                            90.15904,
                            23.85742
                        ],
                        [
                            90.15504,
                            23.86085
                        ],
                        [
                            90.16233,
                            23.86089
                        ],
                        [
                            90.16661,
                            23.86387
                        ],
                        [
                            90.172,
                            23.86366
                        ],
                        [
                            90.17365,
                            23.8661
                        ],
                        [
                            90.1704,
                            23.87137
                        ],
                        [
                            90.16713,
                            23.87176
                        ],
                        [
                            90.16656,
                            23.8765
                        ],
                        [
                            90.16487,
                            23.8764
                        ],
                        [
                            90.16397,
                            23.87803
                        ],
                        [
                            90.15897,
                            23.8769
                        ],
                        [
                            90.1535,
                            23.87984
                        ],
                        [
                            90.14679,
                            23.87872
                        ],
                        [
                            90.1438,
                            23.88335
                        ],
                        [
                            90.13835,
                            23.88557
                        ],
                        [
                            90.13533,
                            23.88475
                        ],
                        [
                            90.13533,
                            23.8868
                        ],
                        [
                            90.13848,
                            23.88767
                        ],
                        [
                            90.13697,
                            23.88988
                        ],
                        [
                            90.12481,
                            23.89134
                        ],
                        [
                            90.12364,
                            23.89593
                        ],
                        [
                            90.13157,
                            23.89714
                        ],
                        [
                            90.13272,
                            23.90038
                        ],
                        [
                            90.12673,
                            23.90026
                        ],
                        [
                            90.12616,
                            23.90372
                        ],
                        [
                            90.12331,
                            23.90226
                        ],
                        [
                            90.1221,
                            23.90436
                        ],
                        [
                            90.11764,
                            23.90452
                        ],
                        [
                            90.11684,
                            23.9028
                        ],
                        [
                            90.11891,
                            23.8951
                        ],
                        [
                            90.11445,
                            23.89033
                        ],
                        [
                            90.11346,
                            23.88702
                        ],
                        [
                            90.11267,
                            23.88518
                        ],
                        [
                            90.11605,
                            23.87558
                        ],
                        [
                            90.11798,
                            23.8735
                        ],
                        [
                            90.12167,
                            23.87345
                        ],
                        [
                            90.12675,
                            23.8665
                        ]
                    ]
                ]
            }
        },
        {
            "type": "Feature",
            "properties": {
                "name": "Suti Para",
                "id": "29066614B64482576608212"
            },
            "geometry": {
                "type": "Polygon",
                "coordinates": [
                    [
                        [
                            90.11346,
                            23.88702
                        ],
                        [
                            90.11445,
                            23.89033
                        ],
                        [
                            90.11891,
                            23.8951
                        ],
                        [
                            90.11684,
                            23.9028
                        ],
                        [
                            90.11764,
                            23.90452
                        ],
                        [
                            90.1221,
                            23.90436
                        ],
                        [
                            90.12331,
                            23.90226
                        ],
                        [
                            90.12616,
                            23.90372
                        ],
                        [
                            90.12673,
                            23.90026
                        ],
                        [
                            90.13272,
                            23.90038
                        ],
                        [
                            90.13909,
                            23.90387
                        ],
                        [
                            90.13875,
                            23.90776
                        ],
                        [
                            90.14635,
                            23.91203
                        ],
                        [
                            90.14886,
                            23.91222
                        ],
                        [
                            90.14973,
                            23.90369
                        ],
                        [
                            90.15256,
                            23.90408
                        ],
                        [
                            90.15337,
                            23.90707
                        ],
                        [
                            90.15868,
                            23.90725
                        ],
                        [
                            90.15961,
                            23.90992
                        ],
                        [
                            90.15832,
                            23.91099
                        ],
                        [
                            90.1654,
                            23.91913
                        ],
                        [
                            90.16273,
                            23.92039
                        ],
                        [
                            90.16137,
                            23.91554
                        ],
                        [
                            90.15969,
                            23.91509
                        ],
                        [
                            90.15421,
                            23.91754
                        ],
                        [
                            90.15385,
                            23.92086
                        ],
                        [
                            90.16084,
                            23.93192
                        ],
                        [
                            90.16362,
                            23.93273
                        ],
                        [
                            90.16501,
                            23.9294
                        ],
                        [
                            90.1664,
                            23.92991
                        ],
                        [
                            90.16006,
                            23.94055
                        ],
                        [
                            90.15713,
                            23.94081
                        ],
                        [
                            90.1559,
                            23.93035
                        ],
                        [
                            90.15049,
                            23.92818
                        ],
                        [
                            90.1487,
                            23.92827
                        ],
                        [
                            90.14778,
                            23.93116
                        ],
                        [
                            90.1396,
                            23.93166
                        ],
                        [
                            90.13664,
                            23.94248
                        ],
                        [
                            90.13294,
                            23.93951
                        ],
                        [
                            90.12942,
                            23.93929
                        ],
                        [
                            90.12832,
                            23.93733
                        ],
                        [
                            90.12413,
                            23.93608
                        ],
                        [
                            90.12354,
                            23.93082
                        ],
                        [
                            90.11769,
                            23.92672
                        ],
                        [
                            90.10996,
                            23.92535
                        ],
                        [
                            90.10819,
                            23.93184
                        ],
                        [
                            90.10521,
                            23.93479
                        ],
                        [
                            90.09896,
                            23.93268
                        ],
                        [
                            90.09718,
                            23.93042
                        ],
                        [
                            90.09058,
                            23.92895
                        ],
                        [
                            90.09106,
                            23.9269
                        ],
                        [
                            90.08948,
                            23.92541
                        ],
                        [
                            90.09068,
                            23.92424
                        ],
                        [
                            90.08781,
                            23.9208
                        ],
                        [
                            90.08769,
                            23.91579
                        ],
                        [
                            90.08577,
                            23.91549
                        ],
                        [
                            90.08586,
                            23.91131
                        ],
                        [
                            90.09323,
                            23.90488
                        ],
                        [
                            90.09312,
                            23.90117
                        ],
                        [
                            90.09784,
                            23.90201
                        ],
                        [
                            90.108,
                            23.89578
                        ],
                        [
                            90.11346,
                            23.88702
                        ]
                    ]
                ]
            }
        }
    ]
}